,Cumulative Return,Annual Return,Annual Volatility,Sharpe Ratio,Max Drawdown
Portfolio_Base,4.469249995617236,0.21116299929730187,0.2636899545732928,0.8589466285090172,-0.4145443700395931
Portfolio_Regime,8.438454119312977,0.2880173368829828,0.19560413353170278,1.3924817405020182,-0.18670839612267687
QQQ,4.144959336855536,0.20284455914195498,0.23063122227510247,0.9165872812624387,-0.3511873231809918
SPY,2.415759759019775,0.148554453696071,0.18580160111570268,0.8387824490267571,-0.337172788113398
