,Cumulative Return,Annual Return,Annual Volatility,Sharpe Ratio,Max Drawdown
Custom Strategy,6.475916735241754,0.28612404277783643,0.3793820631357369,0.8552610791704041,-0.5023987512046004
QQQ,3.0841940427935564,0.1924512047482454,0.24045192706595822,0.8539808957266994,-0.3511871680468307
SPY,1.8747734418822466,0.1412077623597865,0.19454687266775245,0.7778651387158098,-0.33717247792896243
