,Cumulative Return,Annual Return,Annual Volatility,Sharpe Ratio,Max Drawdown
Portfolio_Base,4.469249995617236,0.21116299929730187,0.2636899545732928,0.8589466285090172,-0.4145443700395931
Portfolio_Regime_off_0.2,9.503405998248818,0.303637030680759,0.18789925458522655,1.5059281735919121,-0.17560977339061734
QQQ,4.144959336855536,0.20284455914195498,0.23063122227510247,0.9165872812624387,-0.3511873231809918
SPY,2.415759759019775,0.148554453696071,0.18580160111570268,0.8387824490267571,-0.337172788113398
