exposure_off,Portfolio_CumRet,Portfolio_AnnualReturn,Portfolio_AnnualVol,Portfolio_Sharpe,Portfolio_MaxDD,Excess_AnnualReturn_vs_QQQ,Excess_Sharpe_vs_QQQ
0.2,9.503405998248818,0.303637030680759,0.18789925458522655,1.5059281735919121,-0.17560977339061734,0.100792471538804,0.5893408923294734
0.35,8.438454119312977,0.2880173368829828,0.19560413353170278,1.3924817405020182,-0.18670839612267687,0.08517277774102783,0.4758944592395795
0.5,7.421399598584511,0.2715651882735566,0.20691528869244477,1.2651920938126218,-0.2390331991486374,0.0687206291316016,0.34860481255018305
