,Cumulative Return,Annual Return,Annual Volatility,Sharpe Ratio,Max Drawdown
Portfolio,3.0558728234754255,0.17101518923384496,0.25624275581708955,0.7447407458468085,-0.3963335925166699
QQQ,4.144959336855536,0.20284455914195498,0.23063122227510247,0.9165872812624387,-0.3511873231809918
SPY,2.415759759019775,0.148554453696071,0.18580160111570268,0.8387824490267571,-0.337172788113398
